adresse,pris,ejerudgift,meter
"[ Kongens Nytorv 21, 3. tv.",15995000,19794,280
" Nyhavn 38, st. Dør/lejl. 4",7875000,5702,83
" Nyhavn 23, 4.",8495000,4138,166
" Nyhavn 53D, 3.",11995000,6078,166
" Nyhavn 53, 1.",15000000,9486,232
" Tordenskjoldsgade 27, 5. th.",10995000,6454,185
" Havnegade 35, 4. th.",8995000,5488,122
" Havnegade 33, 5. tv",10495000,6086,122
" Havnegade 35, 1. tv.",14995000,13312,265
" Boldhusgade 4, st..",3495000,4551,92
" Laksegade 20D, 3. th",3195000,3242,52
" Admiralgade 19A, 1.",4750000,2617,67
" Nikolajgade 20, 2. th",4100000,4257,84
" Grønnegade 41C, st.. th.",6275000,3443,93
" Grønnegade 33, 1.",7995000,5993,180
" Store Regnegade 19A, 1. th.",4495000,4772,116
" Pilestræde 55, 4. tv",4200000,3438,78
" Pilestræde 35D, 2.",5095000,3714,103
" Pilestræde 35F, 3.",10995000,7064,187
" Gothersgade 33A, 2. th.",2998000,2430,52
 Gothersgade 33A  3. TV.,3195000,2958,62
 Gothersgade 17  2.,4995000,4268,97
" Gothersgade 39, 4.",6795000,5670,136
" Åbenrå 16, 3. tv",10995000,5362,154
" Hauser Plads 28, 5. tv",3495000,3022,60
" Hauser Plads 28, 1. th",4595000,4084,80
" Sankt Gertruds Stræde 8, st. tv",3495000,2798,51
" Købmagergade 15, 3.",5895000,4648,99
" Købmagergade 13A, 2. th.",7495000,5428,136
" Købmagergade 30, 4.",9495000,6106,175
" Valkendorfsgade 34, 2. tv.",4995000,4596,100
" Niels Hemmingsens Gade 32A, 3. th.",6150000,4534,107
" Niels Hemmingsens Gade 32A, 2. tv.",10895000,11982,234
" Skindergade 29, 1.",7495000,6310,165
" Nørregade 24F, st..",4995000,6431,139
" Nørregade 24A, 1.",8995000,9359,236
" Nørregade 24A, 4.",10995000,8892,205
" Fiolstræde 32, 2. tv",3295000,2660,53
" Fiolstræde 21, 3.",5995000,5197,130
" Fiolstræde 38, 4.",7498000,6087,173
" Rosengården 6, st.",4495000,3503,99
 Magstræde 11,4250000,1676,56
" Hyskenstræde 9, 2.",4495000,3239,89
" Kompagnistræde 7A, 4. tv.",2295000,2002,37
" Kompagnistræde 17, 2.",4295000,6292,105
" Kompagnistræde 4B, 1. tv",6500000,3551,105
" Kompagnistræde 4B, 1. th",7000000,3509,107
" Badstuestræde 10A, 4.",5195000,2812,103
" Knabrostræde 21, 3.",5300000,7286,102
" Knabrostræde 28, 2. ]",5395000,4750,125
"[ Brolæggerstræde 1, mezz.",3495000,3006,66
" Brolæggerstræde 1, 4.",3648000,3114,68
" Toldbodgade 36B, 2. TV., København K",7598000,5499,130
" Toldbodgade 10B, st..",7995000,8438,163
" Toldbodgade 38C, 1. tv",11250000,6323,132
" Toldbodgade 10A, 4.",11995000,7605,201
" Toldbodgade 36A, 3. tv.",13000000,10821,209
" Toldbodgade 38B, 2. tv.",14700000,8964,174
" Lille Strandstræde 22, 1.",14750000,10277,221
" Store Strandstræde 18D, 2. th.",8495000,3686,121
" Amaliegade 11B, st.",7395000,4354,108
" Amaliegade 11, 1.",16500000,9068,216
" Store Kongensgade 63A, st.  nr. 4",4895000,4103,98
" Store Kongensgade 23B, st. th.",5295000,4099,101
" Store Kongensgade 53C, st.",5490000,2727,97
" Store Kongensgade 110H, 1. th.",6995000,5295,155
" Store Kongensgade 23A, 2.",7245000,3467,124
" Store Kongensgade 63A, 1.  nr. 5",7350000,5965,145
" Store Kongensgade 23, 1.",7995000,6164,199
" Store Kongensgade 93, 1.",9499000,9812,221
" Store Kongensgade 71A, st.",12800000,8922,198
" Store Kongensgade 116, 5. tv",28000000,14194,241
" Frederiksgade 6, 3. tv.",8900000,6102,163
" Borgergade 26, 3.  nr. 4",3250000,3361,72
" Borgergade 26, 5.  nr. 1",3475000,3543,75
" Borgergade 26, 3. 4",3395000,3503,72
" Dronningens Tværgade 48, 4.  nr. 3",2595000,1820,46
" Dronningens Tværgade 46, 2. 1.",3450000,2832,72
 Dronningens Tværgade 59  4.,7995000,5357,157
" Dronningens Tværgade 34, 7. th.",9495000,5465,168
" Dronningens Tværgade 58, 4.",10500000,5520,158
" Dronningens Tværgade 16, 5.",13000000,5605,173
" Adelgade 49, 5. th",4545000,3756,81
" Sølvgade 15, 4. mf.",2995000,2420,52
" Sølvgade 23, 1. tv.",4600000,5041,94
" Sølvgade 87, 5. tv.",7250000,4429,133
" Fredericiagade 12, 1.",8295000,4453,135
" Olfert Fischers Gade 13, 1.",3645000,3560,77
" Sankt Pauls Gade 4, st.. th.",2195000,2070,41
" Sankt Pauls Gade 4, 4. th.",2295000,2030,40
" Sankt Pauls Gade 8, 1.",3795000,4695,74
" Rigensgade 9F, 2. tv.",8500000,5025,148
" Stokhusgade 4, st. tv.",3995000,3887,86
" Stokhusgade 6, 1. tv.",6995000,4344,106
" Gernersgade 5, st.. tv.",2250000,2240,37
" Rørholmsgade 20, st. th",4295000,3834,86
" Ole Suhrs Gade 17, 5. th",6995000,3964,130
" Gammeltoftsgade 12A, 3. th.",3995000,3353,82
 Gammeltoftsgade 12A  ST. TH.,4195000,3318,82
" Bartholinsgade 11, st. tv ]",2995000,3170,52
"[ Ved Volden 1, 5. th",4570000,5672,93
" Ved Volden 12, 1. tv",4995000,5595,115
" Ved Volden 1, 1. th., Christianshavn",5500000,6276,109
" Ved Volden 11, 1. tv., Christianshavn",5945000,6668,115
" Brobergsgade 9, st.. tv.",3350000,4567,70
" Andreas Bjørns Gade 2, st.. tv., Christianshavn",3598000,4605,73
" William Wains Gade 19, HUSBÅD",2595000,11329,86
" Margretheholmsvej 62, 7. th.",3795000,2368,74
" Margretheholmsvej 62, 1. tv., Margretheholmen",3995000,2795,88
" Margretheholmsvej 56, 3. tv., Margretheholmen",4175000,3068,97
" Margretheholmsvej 60, 3. tv",4250000,2988,93
" Margretheholmsvej 68, 2. th., Margretheholmen",4398000,2954,93
" Margretheholmsvej 70, 2. tv",4495000,2944,92
" Margretheholmsvej 58, 1. tv",4645000,2944,92
" Margretheholmsvej 68, 4. tv., Margretheholmen",4750000,2954,93
" Margretheholmsvej 72, 3. tv.",4750000,2987,93
" Margretheholmsvej 72, 6. th., Margretheholmen",4895000,2954,93
" Margretheholmsvej 64, 6. th.",5899000,3505,114
" Trangravsvej 1, HUSBÅD",2250000,3967,55
" Galionsvej 5, 2. 26., Holmen",7200000,3896,99
" Galionsvej 23, 2. tv., Holmen",7200000,5131,108
" Galionsvej 1L, st.., Holmen",9900000,4012,102
" Krudtløbsvej 3, HUSBÅD",1250000,6216,45
" Sankt Peders Stræde 32, st. tv.",2850000,2102,52
" Sankt Peders Stræde 21, 2.  nr. 2",13500000,6783,172
" Larsbjørnsstræde 13, 2.",3495000,5122,77
" Studiestræde 15, 2.",5495000,4281,110
" Frederiksberggade 5, 3.",5695000,5819,118
" Mikkel Bryggers Gade 3B, 1. th.",5695000,3931,130
" Lavendelstræde 11, 1.",4250000,4478,74
" Lavendelstræde 9, 3. Dør/lejl. 1",7195000,8288,138
 Løngangstræde 21G,6399000,4775,129
" H.C. Andersens Boulevard 40, 5. tv",4995000,4499,108
" H.C. Andersens Boulevard 42, 3. tv",8795000,8073,234
" H.C. Andersens Boulevard 51, 5. th.",24000000,10635,339
" Havneholmen 34, 4. th.",3795000,2952,71
" Havneholmen 40, ST. TH.",4495000,4031,85
" Havneholmen 78, 4. tv., Vesterbro",4595000,3384,77
" Havneholmen 66, st. th",4750000,4733,90
 Havneholmen 70  2. -2.,4995000,4529,96
" Havneholmen 48, 3. tv",4995000,4172,91
 Havneholmen 66  1. TH.,6495000,5190,112
" Havneholmen 36, 5. tv.",8995000,6206,144
" Havneholmen 54, 6. th.",19995000,9384,223
 Hambrosgade 6  5. TH.,6995000,3680,118
 Puggaardsgade 13  3. th.,9295000,6711,197
" Stoltenbergsgade 5, mezz.. th.",4795000,3776,91
" Stoltenbergsgade 3, 5. tv.",5795000,2994,128
" Gyldenløvesgade 21, 2. th.",4995000,5402,123
" Vester Søgade 78, 2. 2., Vestersøhus ]",2295000,2270,57
[ Vester Søgade 78  5. 2.,2395000,2561,57
" Vester Søgade 62, st. tv",3095000,3767,75
" Vester Søgade 14, 1. th",3495000,7993,111
" Vester Søgade 16, 1. tv.",3695000,6228,101
" Vester Søgade 20, 1. tv",3795000,7764,101
" Vester Søgade 22, 2. th",3995000,8607,111
" Vester Søgade 52, 2. th.",3995000,2833,84
" Vester Søgade 18, 1. th",3995000,6795,111
" Vester Søgade 48, 2. th.",4095000,2833,84
" Vester Søgade 74, 1. tv",5695000,5151,118
" Vester Søgade 68, 6.",11500000,8434,168
" Jernbanegade 7, 3.",6795000,7509,162
" Vesterbrogade 119, st. th",3495000,4683,102
 Vesterbrogade 114  st. th.,3495000,4222,92
" Vesterbrogade 97C, 2., Vesterbro",4995000,3706,117
" Vesterbrogade 88, 5.",5695000,3962,144
" Vesterbrogade 114, st. tv",6000000,9374,224
 Vesterbrogade 85  3.,6395000,4083,137
" Vesterbrogade 38, 3.",8395000,7717,237
" Vesterbrogade 39, 4. tv.",8995000,6180,204
" Istedgade 71, 1. th.",2795000,3370,54
" Istedgade 88, 1.",5995000,5268,138
" Helgolandsgade 6B, 3.",8495000,5291,136
" Eskildsgade 62, 1.",4995000,3332,96
" Dannebrogsgade 21, 3. th",4495000,5931,109
 Dannebrogsgade 21  4. TV.,5795000,6492,110
" Valdemarsgade 1A, st. th",2195000,1659,51
" Valdemarsgade 49A, 2. tv.",4795000,3825,112
 Matthæusgade 50  3. 16.,1895000,3570,47
" Matthæusgade 48D, 2. 229.",2469000,2051,70
" Mysundegade 5, st. tv",2235000,2833,51
" Mysundegade 18, 2. th",3095000,2209,57
 Flensborggade 7  2. TV.,2695000,2471,50
 Enghave Plads 23B  ST. TV.,3595000,2760,75
 Enghave Plads 7  2. TV.,5495000,3851,107
" Broagergade 4, 2. th.",3395000,3104,68
" Enghavevej 31, 2. 13",1795000,3570,46
" Enghavevej 15, st.. tv.",2195000,3520,65
" Enghavevej 13, 3. tv",2200000,2642,46
" Enghavevej 7, 4. th.",2250000,2292,50
 Enghavevej 19  3. TV.,2295000,1869,51
 Enghavevej 29  3. TV.,2395000,1937,49
" Enghavevej 5, 3. th.",2695000,2727,61
 Enghavevej 25  3. TV.,3395000,4384,83
" Enghavevej 25, 2. th.",3595000,4343,87
" Enghavevej TR5, 1. tv.",4445000,4883,105
" Enghavevej TR6, 1. mf.",4695000,4406,96
" Enghavevej TR3, 2. th.",5145000,4978,108
" Enghavevej TR5, 1. th.",5245000,5184,111
" Enghavevej TR1, 2. th. ]",5295000,5511,116
"[ Enghavevej TR5, 2. mf.",5595000,5881,119
" Enghavevej TR5, 4. mf.",5795000,5881,119
" Enghavevej TR4, st.. tv.",6795000,6964,133
" Halmtorvet 29B, 1. th",3795000,2919,83
" Halmtorvet 58, 3. tv",3995000,3646,73
" Halmtorvet 29F, 2. tv",4150000,2814,83
" Halmtorvet 29C, st.. tv.",5195000,3983,112
" Halmtorvet 29C, 1. tv",5495000,4009,112
" Halmtorvet 29D, 2. tv.",7995000,5468,153
" Halmtorvet 29A, 5. th.",10495000,5382,153
" Ingerslevsgade 110, 5. th",5995000,3963,120
" Eriksgade 3, 5. tv.",2295000,1893,38
" Sønder Boulevard 24, st. th",2250000,2237,43
" Sønder Boulevard 51, 1. tv",2695000,1975,56
" Sønder Boulevard 20, 1. TV.",2895000,2397,53
" Sønder Boulevard 74, 1. th",4245000,3163,92
" Sønder Boulevard 34, 1. tv.",6795000,4990,134
" Dybbølsgade 54, st. th",2095000,3328,42
" Dybbølsgade 54, 2. tv",2650000,3424,49
" Godsbanegade 4, 5.",8900000,3483,143
" Esbern Snares Gade 9, 2. tv",3995000,2500,75
 Sundevedsgade TR2,9300000,9123,152
" Kapselgade 4, 2.  nr. 2, Administrationsbygningen, Carlsberg Byen",2295000,1899,39
" Kapselgade 4, 2.  nr. 5, Administrationsbygningen, Carlsberg Byen",2295000,1899,39
" Kapselgade 4, 2.  nr. 11, Administrationsbygningen, Carlsberg Byen",2295000,1899,39
" Kapselgade 4, 2.  nr. 3, Administrationsbygningen, Carlsberg Byen",2295000,1899,39
" Kapselgade 4, 2.  nr. 1, Administrationsbygningen, Carlsberg Byen",2295000,1899,39
" Kapselgade 4, 2.  nr. 10, Administrationsbygningen, Carlsberg Byen",2295000,1899,39
" Kapselgade 4, 2.  nr. 9, Administrationsbygningen, Carlsberg Byen",2295000,1944,40
" Kapselgade 4, 2.  nr. 6, Administrationsbygningen, Carlsberg Byen",2295000,1899,39
" Kapselgade 4, 2.  nr. 4, Administrationsbygningen, Carlsberg Byen",2295000,1899,39
" Kapselgade 4, 3.  nr. 19, Administrationsbygningen, Carlsberg Byen",2345000,1907,39
" Kapselgade 4, 3.  nr. 25, Administrationsbygningen, Carlsberg Byen",2345000,1907,39
" J.C. Jacobsens Gade 11, 1. mf., Caroline Hus, Carlsberg Byen",2445000,1619,39
" Kapselgade 4, 2.  nr. 8, Administrationsbygningen, Carlsberg Byen",2545000,2156,43
" Kapselgade 4, 3.  nr. 26, Administrationsbygningen, Carlsberg Byen",2545000,2338,47
" J.C. Jacobsens Gade 11, 2. mf., Caroline Hus, Carlsberg Byen",2595000,1669,39
" Kapselgade 4, 3.  nr. 28, Administrationsbygningen, Carlsberg Byen",2645000,2007,39
" Kapselgade 4, 3.  nr. 27, Administrationsbygningen, Carlsberg Byen",2645000,2007,39
" Kapselgade 4, 3.  nr. 21, Administrationsbygningen, Carlsberg Byen",2645000,2281,45
" Kapselgade 4, 3.  nr. 23, Administrationsbygningen, Carlsberg Byen",2645000,2235,44
" Kapselgade 4, 3.  nr. 20, Administrationsbygningen, Carlsberg Byen",2645000,2098,41
" Kapselgade 4, 3.  nr. 32, Administrationsbygningen, Carlsberg Byen",2645000,2053,40
" Kapselgade 4, 3.  nr. 24, Administrationsbygningen, Carlsberg Byen",2645000,2144,42
" J.C. Jacobsens Gade 11, 3. mf., Caroline Hus, Carlsberg Byen",2745000,1711,39
" Kapselgade 4, 2.  nr. 12, Administrationsbygningen, Carlsberg Byen",2745000,2896,58
" J.C. Jacobsens Gade 11, 4. mf., Caroline Hus, Carlsberg Byen",2895000,1761,39
" Kapselgade 4, 2.  nr. 16, Administrationsbygningen, Carlsberg Byen",2945000,2326,44
" Kapselgade 4, 2.  nr. 15, Administrationsbygningen, Carlsberg Byen",2945000,2326,44
" J.C. Jacobsens Gade 15, 1. th., Caroline Hus, Carlsberg Byen ]",2995000,2454,64
"[ Bryggernes Plads 20, 2.  nr. 2, Caroline Hus, Carlsberg Byen",2995000,2253,55
" J.C. Jacobsens Gade 15, 2. mf., Caroline Hus, Carlsberg Byen",2995000,2053,50
" Bag Elefanterne 27, st. mf., Fristrup Hus, Carlsberg Byen",2995000,2481,63
" Bag Elefanterne 25, 1. mf., Fristrup Hus, Carlsberg Byen",2995000,2119,46
" Malttorvet 20, st. mf., Brygmester Hus, Carlsberg Byen",2995000,2230,46
" Kildepladsen 18, 1.  nr. 2, Djørup Hus, Carlsberg Byen",2995000,2479,58
" Kildepladsen 18, 1.  nr. 1, Djørup Hus, Carlsberg Byen",2995000,2479,59
" Bag Elefanterne 29, 1. mf., Fristrup Hus, Carlsberg Byen",2995000,2149,53
" Bag Elefanterne 31, 1.  nr. 2, Fristrup Hus, Carlsberg Byen",2995000,2240,52
" Paulas Passage 3, 5.  nr. 4, Dahlerups Tårn, Carlsberg Byen",3045000,2181,53
" Paulas Passage 3, 5.  nr. 3, Dahlerups Tårn, Carlsberg Byen",3045000,2181,53
" Kapselgade 4, 3.  nr. 29, Administrationsbygningen, Carlsberg Byen",3045000,2360,44
" Kildepladsen 18, 2.  nr. 2, Djørup Hus, Carlsberg Byen",3075000,2504,58
" Kildepladsen 18, 2.  nr. 1, Djørup Hus, Carlsberg Byen",3075000,2504,59
" Paulas Passage 3, 6.  nr. 3, Dahlerups Tårn, Carlsberg Byen",3095000,2198,53
" Paulas Passage 3, 6.  nr. 4, Dahlerups Tårn, Carlsberg Byen",3095000,2198,53
" Bag Elefanterne 25, 2. mf., Fristrup Hus, Carlsberg Byen",3095000,2144,46
" Gamle Carlsberg Vej 9, st. th., Brygmester Hus, Carlsberg Byen",3095000,2255,48
" Bag Elefanterne 31, 2.  nr. 2, Fristrup Hus, Carlsberg Byen",3095000,2265,52
" Bag Elefanterne 29, 2. mf., Fristrup Hus, Carlsberg Byen",3095000,2174,53
" Paulas Passage 3, 7.  nr. 4, Dahlerups Tårn, Carlsberg Byen",3145000,2215,53
" Paulas Passage 3, 7.  nr. 3, Dahlerups Tårn, Carlsberg Byen",3145000,2215,53
" J.C. Jacobsens Gade 15, 3. mf., Caroline Hus, Carlsberg Byen",3145000,2094,50
" Kildepladsen 18, 1.  nr. 5, Djørup Hus, Carlsberg Byen",3150000,2675,63
" Paulas Passage 3, 8.  nr. 3, Dahlerups Tårn, Carlsberg Byen",3195000,2231,53
" Paulas Passage 3, 8.  nr. 4, Dahlerups Tårn, Carlsberg Byen",3195000,2231,53
" Bryggernes Plads 20, 3.  nr. 2, Caroline Hus, Carlbserg Byen",3195000,2312,55
" Bag Elefanterne 25, 3. mf., Fristrup Hus, Carlsberg Byen",3195000,2177,46
" Malttorvet 20, 1. mf., Brygmester Hus, Carlsberg Byen",3195000,2288,46
" Kildepladsen 18, 2.  nr. 5, Djørup Hus, Carlsberg Byen",3225000,2700,63
" Bag Elefanterne 27, 1. mf., Fristrup Hus, Carlsberg Byen",3250000,2526,62
" Kildepladsen 14, 1.  nr. 3, Djørup Hus, Carlsberg Byen",3250000,2400,56
" Kildepladsen 14, 1.  nr. 2, Djørup Hus, Carlsberg Byen",3250000,2400,56
" J.C. Jacobsens Gade 15, 4. mf., Caroline Hus, Carlsberg Byen",3295000,2144,50
" Malttorvet 20, 2. mf., Brygmester Hus, Carlsberg Byen",3295000,2322,46
" Kildepladsen 14, 2.  nr. 3, Djørup Hus, Carlsberg Byen",3325000,2425,56
" Bag Elefanterne 27, 2. mf., Fristrup Hus, Carlsberg Byen",3350000,2559,62
" Bryggernes Plads 20, 4.  nr. 2, Caroline Hus, Carlsberg Byen",3395000,2378,55
 Flaskegade 11  3. 4.,3395000,2740,67
" Paulas Passage 3, 13.  nr. 3, Dahlerups Tårn, Carlsberg Byen",3445000,2306,53
" J.C. Jacobsens Gade 15, 5. mf., Caroline Hus, Carlsberg Byen",3445000,2186,50
" Fadet 29, 4. tv., Carlsberg Byen, Mineralvandshuset",3495000,2456,65
" Bag Elefanterne 27, st. tv., Fristrup Hus, Carlsberg Byen",3495000,2661,64
 Flaskegade 11  3. 3.,3495000,2437,68
" Bryggernes Plads 20, 1.  nr. 1, Caroline Hus, Carlsberg Byen",3595000,3125,79
" Bryggernes Plads 20, 5.  nr. 2, Caroline Hus, Carlsberg Byen",3595000,2437,55
" Bag Elefanterne 27, 1. tv., Fristrup Hus, Carlsberg Byen",3595000,2996,74
" Paulas Passage 3, 17.  nr. 3, Dahlerups Tårn, Carlsberg Byen",3645000,2373,53
" Paulas Passage 3, 18.  nr. 3, Dahlerups Tårn, Carlsberg Byen",3695000,2390,53
" Paulas Passage 3, 4.  nr. 3, Dahlerups Tårn, Carlsberg Byen ]",3745000,2407,53
"[ Paulas Passage 3, 4.  nr. 4, Dahlerups Tårn, Carlsberg Byen",3745000,2407,53
" Bryggernes Plads 20, 2.  nr. 1, Caroline Hus, Carlsberg Byen",3745000,3175,79
" Johanne Møllers Passage 13, 1. tv., Caroline Hus, Carlsberg Byen",3845000,3229,82
" Bryggernes Plads 20, 3.  nr. 1, Caroline Hus, Carlsberg Byen",3895000,3217,79
" Bryggernes Plads 20, 4.  nr. 1, Caroline Hus, Carlsberg Byen",4045000,3267,79
" Constantin Hansens Gade 25, 6.  nr. 2, Tuxens Tårn, Carlsberg Byen",4195000,3232,82
" Johanne Møllers Passage 13, 3. tv., Caroline Hus, Carlsberg Byen",4245000,3370,82
" Vesterfælledvej 66E, 5.",4250000,3864,66
" Kildepladsen 18, 1.  nr. 4, Djørup Hus, Carlsberg Byen",4250000,3326,75
" Paulas Passage 3, 5.  nr. 5, Dahlerups Tårn, Carlsberg Byen",4295000,3383,80
" Bryggernes Plads 20, 1.  nr. 3, Caroline Hus, Carlsberg Byen",4295000,3571,87
" Paulas Passage 3, 5.  nr. 2, Dahlerups Tårn, Carlsberg Byen",4345000,3400,80
" Kildepladsen 18, 2.  nr. 4, Djørup Hus, Carlsberg Byen",4350000,3359,75
" Johanne Møllers Passage 13, 4. tv., Caroline Hus, Carlsberg Byen",4445000,3429,82
" Paulas Passage 3, 8.  nr. 2, Dahlerups Tårn, Carlsberg Byen",4495000,3450,80
" Paulas Passage 3, 9.  nr. 4, Dahlerups Tårn, Carlsberg Byen",4495000,3450,80
" Malttorvet 22, 3. th., Brygmester Hus, Carlsberg Byen",4495000,3252,62
" Kildepladsen 14, 1.  nr. 1, Djørup Hus, Carlsberg Byen",4495000,3873,89
" Paulas Passage 2, 1. th.",4495000,3470,82
 Vesterfælledvej 66C  1. th.,4495000,4091,84
" Bag Elefanterne 29, st. th., Fristrup Hus, Carlsberg Byen",4495000,3581,85
" Fadet 3, 5. th., Carlsberg Byen, Mineralvandshuset",4595000,3072,73
" Bag Elefanterne 25, 1. tv., Fristrup Hus, Carlsberg Byen",4595000,3494,75
" Kildepladsen 18, 1.  nr. 3, Djørup Hus, Carlsberg Byen",4595000,4052,94
" Kildepladsen 14, 2.  nr. 1, Djørup Hus, Carlsberg Byen",4595000,3898,89
" Bag Elefanterne 29, 1. th., Fristrup Hus, Carlsberg Byen",4595000,3524,82
" Bag Elefanterne 29, 1. tv., Fristrup Hus, Carlsberg Byen",4595000,3524,82
" Paulas Passage 3, 4.  nr. 6, Dahlerups Tårn, Carlsberg Byen",4695000,3899,93
" Paulas Passage 3, 13.  nr. 4, Dahlerups Tårn, Carlsberg Byen",4695000,3509,80
" Bag Elefanterne 25, 1. th., Fristrup Hus, Carlsberg Byen",4695000,3700,81
" Bag Elefanterne 25, 2. tv., Fristrup Hus, Carlsberg Byen",4695000,3519,75
" Kildepladsen 18, 2.  nr. 3, Djørup Hus, Carlsberg Byen",4695000,4086,94
" Bag Elefanterne 29, 2. th., Fristrup Hus, Carlsberg Byen",4695000,3549,82
" Bag Elefanterne 29, 2. tv., Fristrup Hus, Carlsberg Byen",4695000,3549,82
" Constantin Hansens Gade 25, 7.  nr. 2, Tuxens Tårn, Carlsberg Byen",4695000,3390,82
" Paulas Passage 3, 5.  nr. 6, Dahlerups Tårn, Carlsberg Byen",4745000,3915,93
" J.C. Jacobsens Gade 15, 2. th., Caroline Hus, Carlsberg Byen",4745000,3885,95
" J.C. Jacobsens Gade 15, 1. tv., Caroline Hus, Carlsberg Byen",4745000,4172,105
" Bryggernes Plads 20, 3.  nr. 3, Caroline Hus, Carlsberg Byen",4745000,3713,87
" J.C. Jacobsens Gade 15, 2. tv., Caroline Hus, Carlsberg Byen",4745000,3885,95
" Bag Elefanterne 25, st. th., Fristrup Hus, Carlsberg Byen",4750000,3635,78
" Bag Elefanterne 27, 4. th., Fristrup Hus, Carlsberg Byen",4750000,3394,75
" Bag Elefanterne 31, st., Fristrup Hus, Carlsberg Byen",4750000,3966,91
" Paulas Passage 3, 4.  nr. 1, Dahlerups Tårn, Carlsberg Byen",4795000,3932,93
" Bag Elefanterne 25, 2. th., Fristrup Hus, Carlsberg Byen",4795000,3734,81
" Bag Elefanterne 25, 3. tv., Fristrup Hus, Carlsberg Byen",4795000,3553,74
" Malttorvet 22, 1. th., Brygmester Hus, Carlsberg Byen",4795000,4269,86
" Thorvald Bindesbølls Plads 2, st. th.",4795000,3679,97
" Paulas Passage 3, 5.  nr. 1, Dahlerups Tårn, Carlsberg Byen",4845000,3949,93
" Paulas Passage 3, 8.  nr. 6, Dahlerups Tårn, Carlsberg Byen ]",4895000,3965,93
"[ Paulas Passage 3, 17.  nr. 4, Dahlerups Tårn, Carlsberg Byen",4895000,3576,80
" Bryggernes Plads 20, 3.  nr. 4, Caroline Hus, Carlsberg Byen",4945000,4173,101
" J.C. Jacobsens Gade 15, 3. th., Caroline Hus, Carlsberg Byen",4945000,3943,95
" Bryggernes Plads 20, 4.  nr. 3, Caroline Hus, Carlsberg Byen",4945000,3772,87
" J.C. Jacobsens Gade 15, 3. tv., Caroline Hus, Carlsberg Byen",4945000,3943,95
" Paulas Passage 3, 8.  nr. 1, Dahlerups Tårn, Carlsberg Byen",4995000,3999,93
" Bag Elefanterne 27, 5., Fristrup Hus, Carlsberg Byen",4995000,3439,74
" Bag Elefanterne 27, st. th., Fristrup Hus, Carlsberg Byen",4995000,4102,93
" Bag Elefanterne 25, 3. th., Fristrup Hus, Carlsberg Byen",4995000,3800,81
" Gamle Carlsberg Vej 9, 1. th., Brygmester Hus, Carlsberg Byen",4995000,4328,89
" Malttorvet 22, 2. th., Brygmester Hus, Carlsberg Byen",4995000,4328,86
" Malttorvet 20, st. th., Brygmester Hus, Carlsberg Byen",4995000,4698,96
" Malttorvet 18, st. tv., Brygmester Hus, Carlsberg Byen",4995000,4328,88
" Constantin Hansens Gade 25, 5.  nr. 1, Tuxens Tårn, Carlsberg Byen",4995000,4085,102
" Constantin Hansens Gade 25, 4.  nr. 4, Tuxens Tårn, Carlsberg Byen",4995000,4192,105
" Bag Elefanterne 29, 4. tv., Fristrup Hus, Carlsberg Byen",4995000,3499,77
" Bag Elefanterne 31, 1.  nr. 4, Fristrup Hus, Carlsberg Byen",4995000,4192,96
" Bag Elefanterne 29, 4. th., Fristrup Hus, Carlsberg Byen",4995000,3499,77
" Paulas Passage 3, 9.  nr. 1, Dahlerups Tårn, Carlsberg Byen",5045000,4016,93
" Fadet 3, 2. tv., Carlsberg Byen, Mineralvandshuset",5095000,3779,94
" Bag Elefanterne 31, 2.  nr. 4, Fristrup Hus, Carlsberg Byen",5095000,4217,96
" Bryggernes Plads 20, 5.  nr. 3, Caroline Hus, Carlsberg Byen",5145000,3838,87
" J.C. Jacobsens Gade 15, 4. th., Caroline Hus, Carlsberg Byen",5145000,4010,95
" J.C. Jacobsens Gade 15, 4. tv., Caroline Hus, Carlsberg Byen",5145000,4010,95
" Fadet 3, 4. tv., Carlsberg Byen, Mineralvandshuset",5195000,3812,90
" Bag Elefanterne 31, 3. th., Fristrup Hus, Carlsberg Byen",5195000,4251,96
" Paulas Passage 3, 13.  nr. 1, Dahlerups Tårn, Carlsberg Byen",5245000,4074,93
" Paulas Passage 3, 4.  nr. 2, Dahlerups Tårn, Carlsberg Byen",5245000,3684,80
" Paulas Passage 3, 4.  nr. 5, Dahlerups Tårn, Carlsberg Byen",5245000,3684,80
" Kildepladsen 14, 1.  nr. 4, Djørup Hus, Carlsberg Byen",5250000,4261,95
" Bag Elefanterne 33, 1. th., Fristrup Hus, Carlsberg Byen",5250000,4207,93
" Fadet 3, 5. tv., Carlsberg Byen, Mineralvandshuset",5295000,3426,79
" Bag Elefanterne 31, 4. th., Fristrup Hus, Carlsberg Byen",5295000,4284,96
" J.C. Jacobsens Gade 15, 5. th., Caroline Hus, Carlsberg Byen",5345000,4069,95
" Bryggernes Plads 20, 5.  nr. 4, Caroline Hus, Carlsberg Byen",5345000,4298,101
" J.C. Jacobsens Gade 15, 5. tv., Caroline Hus, Carlsberg Byen",5345000,4069,95
" Kildepladsen 14, 2.  nr. 4, Djørup Hus, Carlsberg Byen",5350000,4286,95
" Bag Elefanterne 33, 2. th., Fristrup Hus, Carlsberg Byen",5350000,4241,93
" Malttorvet 18, 1. tv., Brygmester Hus, Carlsberg Byen",5395000,4823,101
" Paulas Passage 3, 19.  nr. 4, Dahlerups Tårn, Carlsberg Byen",5445000,4141,93
" Paulas Passage 3, 17.  nr. 1, Dahlerups Tårn, Carlsberg Byen",5445000,4141,93
" Bag Elefanterne 33, 3. th., Fristrup Hus, Carlsberg Byen",5450000,4274,93
" Paulas Passage 3, 18.  nr. 1, Dahlerups Tårn, Carlsberg Byen",5495000,4158,93
" J.C. Jacobsens Gade 11, 1. th., Caroline Hus, Carlsberg Byen",5495000,4520,107
" J.C. Jacobsens Gade 11, 1. tv., Caroline Hus, Carlsberg Byen",5495000,4520,107
" Bag Elefanterne 27, 1. th., Fristrup Hus, Carlsberg Byen",5495000,3789,108
" Malttorvet 18, 2. tv., Brygmester Hus, Carlsberg Byen",5495000,4856,101
" Malttorvet 18, 3. tv., Brygmester Hus, Carlsberg Byen",5495000,4301,85
" Bag Elefanterne 39, st. tv., Fristrup Hus, Carlsberg Byen",5495000,4622,104
" Bag Elefanterne 39, st. th., Fristrup Hus, Carlsberg Byen ]",5495000,4471,99
"[ Bag Elefanterne 31, 1.  nr. 3, Fristrup Hus, Carlsberg Byen",5495000,4713,108
" Bag Elefanterne 29, 3. th., Fristrup Hus, Carlsberg Byen",5495000,4049,90
" Bag Elefanterne 29, 3. tv., Fristrup Hus, Carlsberg Byen",5495000,4049,90
" Bag Elefanterne 29, st. tv., Fristrup Hus, Carlsberg Byen",5500000,4471,104
" Paulas Passage 3, 19.  nr. 1, Dahlerups Tårn, Carlsberg Byen",5545000,4166,93
" Bag Elefanterne 33, 4. th., Fristrup Hus, Carlsberg Byen",5550000,4307,93
" Bag Elefanterne 27, 2. th., Fristrup Hus, Carlsberg Byen",5595000,4647,108
" Malttorvet 22, 1. tv., Brygmester Hus, Carlsberg Byen",5595000,5075,100
" Malttorvet 20, st. tv., Brygmester Hus, Carlsberg Byen",5595000,5815,121
" Bag Elefanterne 31, 2.  nr. 3, Fristrup Hus, Carlsberg Byen",5595000,4738,108
" Bag Elefanterne 39, 1. tv., Fristrup Hus, Carlsberg Byen",5595000,4436,97
" Constantin Hansens Gade 37, 2. tv",5595000,3830,99
" J.C. Jacobsens Gade 11, 2. tv., Caroline Hus, Carlsberg Byen",5695000,4579,107
" J.C. Jacobsens Gade 11, 2. th., Caroline Hus, Carlsberg Byen",5695000,4579,107
" Købkes Plads 30, 2. tv",5695000,3908,104
" Bag Elefanterne 39, 2. tv., Fristrup Hus, Carlsberg Byen",5695000,4470,97
" Constantin Hansens Gade 25, 7.  nr. 1, Tuxens Tårn, Carlsberg Byen",5695000,4302,102
" Johanne Møllers Passage 9, 1. th., Caroline Hus, Carlsberg Byen",5745000,4440,102
" Johanne Møllers Passage 9, 1. tv., Caroline Hus, Carlsberg Byen",5745000,4440,102
" Johanne Møllers Passage 7, st. th., Caroline Hus, Carlsberg Byen",5745000,4297,97
" Johanne Møllers Passage 7, 1. tv., Caroline Hus, Carlsberg Byen",5745000,4440,102
" Johanne Møllers Passage 9, st. th., Caroline Hus, Carlsberg Byen",5745000,4469,103
" Johanne Møllers Passage 7, st. tv., Caroline Hus, Carlsberg Byen",5745000,4813,115
" Johanne Møllers Passage 9, st. tv., Caroline Hus, Carlsberg Byen",5745000,4526,105
" Johanne Møllers Passage 7, 1. th., Caroline Hus, Carlsberg Byen",5745000,4440,102
" Bag Elefanterne 39, 1. th., Fristrup Hus, Carlsberg Byen",5745000,4939,112
" Gamle Carlsberg Vej 9, 2. th., Brygmester Hus, Carlsberg Byen",5795000,4948,97
" Malttorvet 22, 2. tv., Brygmester Hus, Carlsberg Byen",5795000,5133,101
" Constantin Hansens Gade 25, 4.  nr. 2, Tuxens Tårn, Carlsberg Byen",5795000,3763,83
" Vesterfælledvej 62B, 4. 2",5795000,4628,106
" Bag Elefanterne 39, 3. tv., Fristrup Hus, Carlsberg Byen",5795000,4503,97
" Bag Elefanterne 39, 2. th., Fristrup Hus, Carlsberg Byen",5845000,4972,112
" J.C. Jacobsens Gade 11, 3. th., Caroline Hus, Carlsberg Byen",5895000,4645,107
" J.C. Jacobsens Gade 11, 3. tv., Caroline Hus, Carlsberg Byen",5895000,4645,107
" Gamle Carlsberg Vej 9, 3. th., Brygmester Hus, Carlsberg Byen",5895000,4982,97
" Bag Elefanterne 39, 3. th., Fristrup Hus, Carlsberg Byen",5945000,4997,112
" Bag Elefanterne 37, 1. mf., Fristrup Hus, Carlsberg Byen",5995000,4742,104
" Bag Elefanterne 25, st. tv., Fristrup Hus, Carlsberg Byen",5995000,4712,101
" Bag Elefanterne 35, 1. tv., Fristrup Hus, Carlsberg Byen",5995000,4863,106
" Malttorvet 22, 3. tv., Brygmester Hus, Carlsberg Byen",5995000,4452,83
" Malttorvet 20, 1. tv., Brygmester Hus, Carlsberg Byen",5995000,5562,114
" Malttorvet 20, 3., Brygmester Hus, Carlsberg Byen",5995000,5007,97
" Bag Elefanterne 33, 1. tv., Fristrup Hus, Carlsberg Byen",5995000,4923,109
" Johanne Møllers Passage 9, 2. th., Caroline Hus, Carlsberg Byen",6095000,4548,102
" J.C. Jacobsens Gade 11, 4. th., Caroline Hus, Carlsberg Byen",6095000,4704,107
" J.C. Jacobsens Gade 11, 4. tv., Caroline Hus, Carlsberg Byen",6095000,4704,107
" Johanne Møllers Passage 7, 2. th., Caroline Hus, Carlsberg Byen",6095000,4548,102
" Johanne Møllers Passage 7, 2. tv., Caroline Hus, Carlsberg Byen",6095000,4548,102
" Johanne Møllers Passage 9, 2. tv., Caroline Hus, Carlsberg Byen",6095000,4548,102
" Bag Elefanterne 35, 2. th., Fristrup Hus, Carlsberg Byen ]",6095000,4896,106
"[ Bag Elefanterne 33, 2. tv., Fristrup Hus, Carlsberg Byen",6095000,4957,109
" Malttorvet 20, 2. tv., Brygmester Hus, Carlsberg Byen",6195000,5628,114
" Malttorvet 18, 4. tv., Brygmester Hus, Carlsberg Byen",6195000,4703,91
 Thorvald Bindesbølls Plads 22  st. th.,6195000,4983,115
" Bag Elefanterne 33, 3. tv., Fristrup Hus, Carlsberg Byen",6195000,4973,109
" Bag Elefanterne 35, 5. th., Fristrup Hus, Carlsberg Byen",6250000,4826,102
" Bag Elefanterne 37, st. th., Fristrup Hus, Carlsberg Byen",6250000,5549,128
" Fadet 19, 2. th., Carlsberg Byen, Mineralvandshuset",6295000,4429,112
" Fadet 5, 2. th., Carlsberg Byen, Mineralvandshuset",6295000,4566,107
" Bag Elefanterne 37, 1. tv., Fristrup Hus, Carlsberg Byen",6350000,5523,126
" Fadet 5, 1. th., Carlsberg Byen, Mineralvandshuset",6395000,5139,122
" Malttorvet 22, 1. mf., Brygmester Hus, Carlsberg Byen",6395000,6427,130
" Johanne Møllers Passage 7, 3. tv., Caroline Hus, Carlsberg Byen",6445000,4657,102
" Johanne Møllers Passage 7, 3. th., Caroline Hus, Carlsberg Byen",6445000,4657,102
" Johanne Møllers Passage 9, 3. tv., Caroline Hus, Carlsberg Byen",6445000,4657,102
" Johanne Møllers Passage 9, 3. th., Caroline Hus, Carlsberg Byen",6445000,4657,102
" Bag Elefanterne 37, 2. tv., Fristrup Hus, Carlsberg Byen",6450000,5548,126
" Fadet 5, 2. mf., Carlsberg Byen, Mineralvandshuset",6495000,5172,123
" Bag Elefanterne 35, st. tv., Fristrup Hus, Carlsberg Byen",6495000,5263,114
" Bag Elefanterne 37, 1. th., Fristrup Hus, Carlsberg Byen",6495000,5263,116
" Gamle Carlsberg Vej 7, 2. th., Brygmester Hus, Carlsberg Byen",6495000,6090,123
" Bag Elefanterne 37, 3. tv., Fristrup Hus, Carlsberg Byen",6550000,5581,126
" Bohrsgade 2, 17.  nr. 1, Bohrs Tårn, Carlsberg Byen",6595000,5245,139
" Johanne Møllers Passage 13, 1. th., Caroline Hus, Carlsberg Byen",6595000,5309,124
" Malttorvet 22, 2. mf., Brygmester Hus, Carlsberg Byen",6595000,6494,131
" Bag Elefanterne 37, 2. th., Fristrup Hus, Carlsberg Byen",6595000,5296,116
" Fadet 5, 4. mf., Carlsberg Byen, Mineralvandshuset",6695000,5102,119
" Johanne Møllers Passage 9, 4. th., Caroline Hus, Carlsberg Byen",6795000,4766,102
" Johanne Møllers Passage 7, 4. th., Caroline Hus, Carlsberg Byen",6795000,4766,102
" Johanne Møllers Passage 9, 4. tv., Caroline Hus, Carlsberg Byen",6795000,4766,102
" Johanne Møllers Passage 7, 4. tv., Caroline Hus, Carlsberg Byen",6795000,4766,102
" Paulas Passage 3, 13.  nr. 2, Dahlerups Tårn, Carlsberg Byen",6895000,5462,122
" Bohrsgade 2, 19.  nr. 1, Bohrs Tårn, Carlsberg Byen",6995000,5245,139
" Fadet 5, 5. tv., Carlsberg Byen, Mineralvandshuset",6995000,4783,107
" Bag Elefanterne 31, 1.  nr. 1, Fristrup Hus, Carlsberg Byen",6995000,6055,137
" Bag Elefanterne 33, st., Fristrup Hus, Carlsberg Byen",6995000,5813,128
" Bag Elefanterne 31, 2.  nr. 1, Fristrup Hus, Carlsberg Byen",7095000,5255,137
" Johanne Møllers Passage 13, 3. th., Caroline Hus, Carlsberg Byen",7145000,5484,124
" Fadet 5, 5. th., Carlsberg Byen, Mineralvandshuset",7245000,4721,98
" Paulas Passage 3, 17.  nr. 2, Dahlerups Tårn, Carlsberg Byen",7295000,5587,122
" Johanne Møllers Passage 13, 3. mf., Caroline Hus, Carlsberg Byen",7345000,6202,147
" Bag Elefanterne 31, 3. mf., Fristrup Hus, Carlsberg Byen",7350000,5832,126
" Bag Elefanterne 31, 3. tv., Fristrup Hus, Carlsberg Byen",7350000,6043,133
" Bohrsgade 2, 16.  nr. 4, Bohrs Tårn, Carlsberg Byen",7395000,6517,169
" Paulas Passage 3, 18.  nr. 2, Dahlerups Tårn, Carlsberg Byen",7395000,5620,122
" Fadet 19, 5., Carlsberg Byen, Mineralvandshuset",7495000,4933,115
" Paulas Passage 3, 19.  nr. 3, Dahlerups Tårn, Carlsberg Byen",7495000,5654,122
" Paulas Passage 3, 19.  nr. 2, Dahlerups Tårn, Carlsberg Byen",7495000,5654,122
" Johanne Møllers Passage 13, 4. th., Caroline Hus, Carlsberg Byen",7495000,5593,124
" Bohrsgade 2, 13.  nr. 2 ]",7495000,6266,156
"[ Constantin Hansens Gade 25, 4.  nr. 1, Tuxens Tårn, Carlsberg Byen",7495000,4952,105
" Bohrsgade 2, 17.  nr. 4, Bohrs Tårn, Carlsberg Byen",7595000,6517,169
" Paulas Passage 3, 23.  nr. 2, Dahlerups Tårn, Carlsberg Byen",7995000,5804,122
" Bag Elefanterne 31, 4. tv., Fristrup Hus, Carlsberg Byen",7995000,6243,133
" Bohrsgade 2, 22.  nr. 2, Bohrs Tårn, Carlsberg Byen",8495000,6266,162
" Bag Elefanterne 25, 4., Fristrup Hus, Carlsberg Byen",8995000,7519,144
" Constantin Hansens Gade 25, 13.  nr. 3, Tuxens Tårn, Carlsberg Byen",8995000,5975,105
" Bohrsgade 2, 24. 3.",9395000,7377,185
" Constantin Hansens Gade 21, 5., Fristrup Hus, Carlsberg Byen",9495000,7874,141
" Constantin Hansens Gade 25, 13.  nr. 4, Tuxens Tårn, Carlsberg Byen",10495000,8119,130
" J.C. Jacobsens Gade 11, 5. tv., Caroline Hus, Carlsberg Byen",11000000,9432,157
" Bohrsgade 2, 28.  nr. 4, Bohrs Tårn, Carlsberg Byen",11995000,6517,169
" Bohrsgade 2, 29.  nr. 2, Bohrs Tårn, Carlsberg Byen",13995000,6266,162
 Vesterbrogade 192  5. 23.,2695000,2332,65
" Vesterbrogade 192, 1. 1",3795000,3481,83
" Vesterbrogade 186, st. mf",3795000,2856,83
" Vesterbrogade 171, 5. th.",4795000,3650,96
" Vesterbrogade 198, 5. tv.",7195000,2833,150
" Vesterbrogade 194, 2.",7795000,5076,180
" Rahbeks Alle 20, 3. th.",5495000,4682,109
" Rahbeks Alle 32, 4. tv",10495000,5285,188
" Halls Alle 12, 2. tv.",4495000,3497,86
" Frydendalsvej 27A, 1. th.",12495000,4089,225
" Platanvej 7, 3. 12",2895000,2411,53
" Platanvej 18, st. 4",3495000,3662,77
" Platanvej 18, 1.  nr. 6",3850000,3528,79
" Platanvej 6, 2. Dør/lejl. 4",5175000,4220,105
" Kochsvej 11, 4. th",5000000,2508,88
" Carit Etlars Vej 22, 1 mf",3195000,3464,67
" Carit Etlars Vej 6B, st.",4750000,3466,78
" Carl Bernhards Vej 13B, 2.  nr. 32",2395000,2161,51
" Carl Bernhards Vej 13C, 4. 70",2495000,2256,51
" Frederiksberg Alle 41, 2. 207.",3195000,2136,53
" Frederiksberg Alle 41, 2. 209.",3195000,2136,53
" Frederiksberg Alle 41, 2. 208.",3195000,2136,53
" Frederiksberg Alle 41, 2. 210.",3295000,2295,57
" Frederiksberg Alle 41, 3. 303.",3345000,2136,53
" Frederiksberg Alle 41, 3. 304.",3395000,2295,57
" Frederiksberg Alle 41, 4. 410.",3495000,2295,57
" Frederiksberg Alle 41, 5. 504.",3595000,2299,57
" Frederiksberg Alle 47, 4. tv",4195000,4141,80
" Frederiksberg Alle 41, 2. 204.",6895000,4286,107
" Frederiksberg Alle 41, 2. 205.",6995000,4400,110
" Frederiksberg Alle 41, 2. 202.",6995000,4588,115
" Frederiksberg Alle 41, 2. 203.",7195000,4362,109
" Frederiksberg Alle 41, 2. 201.",7295000,5409,137
" Frederiksberg Alle 37, 1. th.",8995000,4129,146
" Frederiksberg Alle 26, st., Sankt Thomas Plads",10495000,12841,271
" Frederiksberg Alle 41, 4. 404.",11495000,6847,125
" Sankt Thomas Alle 14, 2. tv ]",5495000,4005,92
"[ Rosenørns Alle 66, 1.",6495000,3488,132
" Jakob Dannefærds Vej 8, st. th",3845000,3801,77
" Jakob Dannefærds Vej 2, st.. tv.",4145000,3655,105
 Jakob Dannefærds Vej 6B  ST. TH.,4795000,3352,88
" Holger Danskes Vej 30, 1. 12",1750000,1647,34
" Nordre Fasanvej 112, 4 tv",1995000,2025,48
 Ane Katrines Vej 14 2 2,1995000,1717,51
" Roskildevej 53, st. 6",1999000,2633,65
" Finsensvej 47B, 1. 106.",2098000,2426,59
 C.F. Richs Vej 134 2 TV,2195000,2810,57
" H. Schneekloths Vej 31, 3. 4",2195000,2214,55
" C.F. Richs Vej 126, st. tv",2198000,3014,56
" Finsensvej 34, 2. Dør/lejl. 1",2295000,2052,58
" Folkvarsvej 30, 1. tv.",2295000,2122,46
" Eversvej 11, 4. mf.",2295000,2747,52
 C.F. Richs Vej 85  2. TV.,2395000,2910,60
" Bernhard Bangs Alle 4, 4. 71.",2395000,2223,63
" Allegade 23A, st.. th.",2395000,2325,48
" Bernhard Bangs Alle 2, 2., 45",2495000,2335,63
" Borups Alle 113, 1. k.",2595000,3593,74
" Roskildevej 96, 4. th.",2695000,3229,85
 Munkensvej 5  ST. TH.,2695000,2631,64
" Mariendalsvej 26, 5. tv.",2695000,3010,65
" Nordre Fasanvej 60, 3.  nr. 31",2745000,2839,62
" Rådmand Steins Alle 13, st. tv",2750000,3805,89
 Peter Bangs Vej 116  ST. TH.,2795000,5357,94
" Roskildevej 120, 02 TH",2795000,3075,89
 Nordre Fasanvej 60  4. 43.,2795000,2662,61
" Nordre Fasanvej 178, st. th",2795000,3556,80
" C.F. Richs Vej 85, 3. th",2825000,3858,73
" Rådmand Steins Alle 23, 3. th",2845000,4121,81
" Fuglebakkevej 92, st.. 2.",2875000,3793,75
 Munkensvej 3  3. TV.,2895000,2702,65
 Seedorffs Vænge 2 2 1,2895000,2769,80
" Mariendalsvej 10, 1. tv.",2898000,3292,66
" Finsensvej 5C, 5. mf",2995000,2828,66
" Bispeengen 15, 4 th",2995000,2579,77
" H. Schneekloths Vej 11, 5. tv.",2995000,2464,62
" Holger Danskes Vej 42, 4. 31.",3050000,1870,74
" Pile Alle 35, 4. tv.",3095000,2561,60
 Howitzvej 41  2. TV.,3095000,2158,62
" Finsensvej 81, 1. th.",3195000,3062,79
" Finsensvej 5C, 4. th",3195000,2994,70
" Finsensvej 73, 3. tv",3199000,3063,79
" Frøbels Alle 3, 4. th.",3250000,3407,109
" Duevej 52, 4. tv.",3295000,3361,76
" Munkensvej 11, 1. th.",3345000,2279,78
" Rådmand Steins Alle 9, 04 TV",3345000,3200,100
" Duevej 118, st. tv",3395000,2502,62
" Duevej 48, 4. th ]",3395000,2581,76
"[ Nordre Fasanvej 37B, 1. tv.",3495000,2282,71
" Mariendalsvej 12A, 4. tv",3495000,5037,91
" A. D. Jørgensens Vej 79, 1 th",3495000,4288,88
" Yrsavej 9, st.. th.",3495000,3433,67
" Finsensvej 5C, st. th",3495000,3835,103
" Aksel Møllers Have 24, st. tv",3495000,2891,81
" C.F. Richs Vej 138, st. tv",3495000,5079,102
" Bentzonsvej 50B, st. tv.",3495000,2363,67
" Duevej 60, 2. th",3495000,3352,76
" Bernhard Bangs Alle 11, 3. th",3495000,4500,88
" Vagtelvej 63, 5. tv.",3595000,4308,88
" Finsensvej 11A, st.. tv.",3595000,3629,101
" Godthåbsvænget 37, 4. tv",3595000,5173,91
" Grøndalsvej 10, 2. tv.",3595000,3502,87
" Godthåbsvænget 9, 3. th",3599000,4000,101
" Lollandsvej 38, st. tv",3648000,2581,74
" Godthåbsvej 35, 4. mf., Aksel Møllers Have",3650000,3586,81
" P. Andersens Vej 1, 1. th.",3695000,2631,75
" Godthåbsvej 123, st. th",3695000,3128,91
" Pile Alle 35, 3. tv",3700000,2956,67
" Godthåbsvej 129, st. tv",3745000,3130,92
" Holger Danskes Vej 102, 3.  nr. 1",3795000,3137,86
" Mariendalsvej 65, 1. tv.",3795000,2553,82
" Camilla Nielsens Vej 1, 04 TV",3795000,3943,125
 Guldborgvej 37  4. TH.,3795000,2836,76
" Kong Georgs Vej 54, 4. tv.",3798000,2438,75
" Falkoner Alle 126, st. tv",3850000,3317,97
" Holger Danskes Vej 102, 4. 4",3895000,3095,86
" Finsensvej 5B, st. tv",3898000,3472,96
" Preben Kaas Vænge 2, st.",3995000,3554,93
" Kronprinsesse Sofies Vej 17, 4. th.",3995000,3702,77
" Rådmand Steins Alle 11, 6. tv",3995000,3643,91
" Moltkesvej 57, 2. tv",3995000,4076,81
 A.D. Jørgensens Vej 21  2. 3.,4195000,4725,102
" Kong Georgs Vej 6A, 3. tv",4250000,3224,86
" Pile Alle 5B, st.. tv.",4295000,4745,97
" Pile Alle 5B, st.. th.",4295000,5222,104
 Nordre Fasanvej 80  1. TV.,4295000,5554,102
" Flintholm Alle 24, st. tv.",4295000,3761,96
" Solvej 7, 1. th",4295000,3202,81
" Nimbusparken 1, 4. Dør/lejl. 4",4349000,3788,81
" Kronprinsesse Sofies Vej 17, 3. th.",4395000,3576,94
" Langelandsvej 51, st. th, + kælder",4495000,3711,68
" Lindevangs Alle 15B, 1. th.",4495000,4908,122
" Duevej 52, 5.",4495000,3064,93
" Mariendalsvej 50H, 2. th",4495000,4391,93
" Howitzvej 15, 2. 12.",4500000,3709,97
" Vagtelvej 49, 4. th",4595000,4749,107
" H.V. Nyholms Vej 2, 4.  nr. 2",4650000,4712,105
" Nordre Fasanvej 33B, st.. th. ]",4695000,3398,104
"[ Århusgade 105, 1. th",2275000,2104,50
" Nygårdsvej 41D, st. tv.",2295000,2981,58
" Rønnegade 12, st. tv.",2395000,3025,69
" Korsørgade 4, 4. Dør/lejl. 3",2395000,1908,44
" Holsteinsgade 66, 3. 5.",2398000,2626,56
" Østbanegade 165, 05 TV",2445000,1886,56
" Lange-Müllers Gade 21, 3. tv",2450000,2246,57
" Hjørringgade 13, 1. tv",2450000,2345,48
" Fiskedamsgade 20, st. th",2450000,2716,53
" Marthagade 2, st. th",2595000,2452,66
 Østbanegade 39  ST. 3.,2595000,3012,60
" Østbanegade 35, 2. 1.",2595000,2419,56
" Ålborggade 25, st.",2600000,3467,79
" Herninggade 23, 1. th",2645000,2607,59
" Kildevældsgade 66, 3. tv.",2650000,2061,58
" Holsteinsgade 58, st.. tv..",2695000,2131,59
" Marthagade 8, 3. tv",2695000,2612,61
" Nyborggade 16, 5. th.",2695000,2062,51
" Østerbrogade 216, st. th",2695000,2905,64
" Sankt Kjelds Gade 25, 1. tv.",2695000,2545,58
" Sankt Kjelds Plads 4, 1. th.",2695000,2265,63
" Jagtvej 215B, 5. 3",2695000,3859,65
" Korsørgade 44, st.. tv.",2750000,2960,62
" Drejøgade 28, 6. 604.",2795000,3055,69
" Gammel Kalkbrænderi Vej 30, 2. th.",2795000,2797,56
 Ålborggade 26  ST. TV.,2795000,3526,56
" Marstalsgade 21, 4. th.",2875000,2514,54
" Herninggade 13, 5. th.",2895000,2716,64
" Trikotageparken 2, 1. th., lejl. 10",2899000,2346,71
" Silkeborggade 45, mezz. th.",2975000,2962,69
" Nordre Frihavnsgade 24, 3. 1",2995000,3160,68
" Jellingegade 5, st.. tv.",2995000,2539,63
" Strandboulevarden 60, st..",2995000,1864,69
" Fiskedamsgade 27B, 2. tv.",2995000,2038,56
 Strandvejen 65B  3. TV.,2995000,2542,61
 Silkeborggade 35  3. TV.,2995000,2629,49
" Lyngbyvej 32B, 1. th.",2998000,4142,93
" Trikotageparken 23, 3. mf.",2999000,2405,71
" Sankt Kjelds Plads 10, 2. tv.",3095000,2671,75
" Rønnegade 20, 1. mf",3095000,3322,84
" Langøgade 15, 1. th",3095000,2989,64
" Trikotageparken 28, 4. mf.",3099000,2465,71
" Trikotageparken 22, 3. th.",3099000,2465,71
" Marstalsgade 29, st. th",3099000,2634,69
" Rønnegade 16, 3. th",3175000,3680,84
 Webersgade 15  ST. TV.,3195000,2962,62
" Amerika Plads 24F, st.",3195000,2151,50
" Løgstørgade 28, 1. tv.",3198000,3072,66
" Strandboulevarden 119, 3. th",3199000,2823,68
" Marstalsgade 44, 5. tv ]",3245000,2713,58
"[ Strandvejen 75A, 1. th",3250000,3807,86
" Fåborggade 1, 2. th",3295000,3068,87
" Vennemindevej 51, st.. tv.",3295000,2381,86
" Jagtvej 215B, 3. Dør/lejl. 4",3350000,3164,86
" Drejøgade 26E, 5. 505.",3350000,3002,64
" Løgstørgade 37, 4. th",3395000,2563,63
" Trondhjemsgade 3, kl. th",3395000,3336,129
" Carl Nielsens Allé 6, mezz. tv.",3395000,3105,70
" Korsørgade 40, 2. th.",3395000,3046,66
" Svendborggade 14, 5. th",3475000,2821,71
" Silkeborggade 21, 1. th.",3495000,3477,75
" Århusgade 84, st. th",3495000,2964,88
" Kildevældsgade 79A, st. th.",3495000,4531,70
" Amerika Plads 32B, 2. 4.",3495000,2675,69
" Silkeborggade 47, 3. tv",3495000,2980,69
" Korsørgade 8, 1. Dør/lejl. 1",3495000,3788,82
" Nygårdsvej 41B, 2. th",3495000,5195,80
" Nygårdsvej 57, 2. tv.",3498000,3402,70
" Lyngbyvej 72, 3. tv",3595000,4119,123
" Trikotageparken 1, 2. mf., lejl. 14",3599000,2905,87
" Nordre Frihavnsgade 79, st. th.",3648000,3298,80
" Strandvejen 69, 1.",3695000,3521,93
" Trikotageparken 3, st. th.",3699000,2974,87
" Trikotageparken 21, 3. tv",3699000,2969,86
" Lyngbyvej 70, 5. th.",3795000,3495,119
" Kildevældsgade 83B, 1. th.",3795000,5635,85
" Korsørgade 8, 3. 1",3795000,3393,82
" Århusgade 95, 1. tv.",3798000,3944,82
" Trikotageparken 26, 4. tv.",3799000,3024,86
" Kastelsvej 4, 1. th",3875000,2838,75
" Landskronagade 63, 3. tv",3875000,2995,76
" Dampfærgevej 22, st.",3895000,25161,65
" Ourøgade 33, 5.",3895000,3364,78
" Marstalsgade 8, 2. th.",3895000,2792,74
" Randersgade 17, 4. th",3995000,3119,78
" Midtermolen 2, 3. mf",3995000,4426,75
" Webersgade 19, 2. th",3995000,2463,71
" Løgstørgade 34, 3. tv",3995000,2734,76
" Vordingborggade 76, 1. tv",4095000,3650,87
" Tåsingegade 47, 4. mf.",4098000,3439,87
" Livjægergade 31, 1. th.",4100000,2934,82
" Præstøgade 16, 4. th",4100000,2827,71
" Kalkbrænderihavnsgade 4D, 4. mf",4150000,3041,80
" Svendborggade 14, 2. tv",4195000,2847,80
" Svendborggade 14, 4. th.",4195000,3461,80
" Øster Farimagsgade 79, st.. th.",4198000,2278,92
" Løgstørgade 14, 1. th",4295000,4566,83
" Midtermolen 8, 4. tv.",4295000,4511,75
" Australiensvej 17, 5. tv.",4325000,4393,92
" Amerika Plads 4, 2. 2 ]",4395000,4094,102
"[ Rosenvængets Hovedvej 46, st.. 1.",4395000,3890,88
" Amerika Plads 3A, 4. tv",4395000,4687,92
" Koldinggade 6, 1. th.",4495000,3422,91
" Trikotageparken 32, 5. th.",4499000,3508,93
" Trikotageparken 29, 5. tv.",4499000,3508,94
" Langøgade 17, st.",4650000,3158,104
" Pakhusvej 6, 1. th",4750000,4779,102
" Midtermolen 18, 2. th.",4750000,7461,97
" Strandvejen 95, 1. tv.",4795000,6436,129
" Rønnegade 24, 3.",4895000,3896,93
" Hornemansgade 1A, 3. th.",4995000,5303,102
" Classensgade 72, st.. tv.",4995000,5057,139
" Nordre Frihavnsgade 57, 2. th",4995000,3620,92
" Nordborggade 11, 5. tv.",4995000,3233,85
" Viborggade 13, st. tv",4995000,2503,90
" Randersgade 2, 4. th",4995000,4204,90
" Trikotageparken 24, 4. tv.",4999000,4091,124
" Strandboulevarden 99, 5. th",5145000,3673,86
" Amerika Plads 25C, st.",5150000,3935,102
 Strandboulevarden 38  1. TV.,5195000,3678,104
" Viborggade 13, 2. tv",5195000,3043,90
" Silkeborggade 36, 5.",5245000,3176,95
" Amerika Plads 36, 4. th",5250000,4857,124
" Willemoesgade 91, mezz. tv.",5250000,4877,105
" Langelinie Allé 25A, st. tv",5250000,5472,117
" Willemoesgade 62, 3. th",5250000,2930,88
" Borgmester Jensens Allé 22, 4. th.",5295000,3325,131
" Amerika Plads 32B, 2. 2",5350000,4429,110
" Amerika Plads 26B, 1. 3",5395000,4500,112
" Amerika Plads 24C, st.",5490000,4669,120
" Amerika Plads 30B, 5. 2",5495000,4101,102
" Pakhusvej 8, 3. tv.",5495000,6363,130
" Strandvejen 20B, 1. th.",5495000,4359,104
" Nordre Frihavnsgade 106, 3. tv.",5498000,4956,129
" Strandboulevarden 114, 5. tv",5595000,4184,134
" Viborggade 69, st.",5695000,4077,121
" Silkeborggade 38, 5.",5745000,3430,104
" Nordre Frihavnsgade 88, st. th.",5750000,3129,170
" Silkeborggade 32, 5.",5845000,3502,108
" Pakhusvej 10, 6. th.",5850000,5894,127
" Amerika Plads 3A, 6. mf",5995000,5794,123
" Dampfærgevej 14, st. 4",5995000,5090,111
" Dampfærgevej 14, st.. 4.",5995000,5090,111
" Indiakaj 3, 1. TV.",5995000,6230,109
" Strandvejen 20C, 1. tv",5995000,4865,129
" Silkeborggade 40, 5.",6150000,3585,110
" Vordingborggade 78, 5.",6250000,3618,111
" Randersgade 2, 4. tv",6250000,4068,113
" Willemoesgade 32A, st.",6295000,5482,119
" Saabyesvej 8, st. th ]",6395000,4466,92
"[ Kirsteinsgade 4, Mezz. th.",6495000,5219,133
" Nøjsomhedsvej 2, 5. tv.",6495000,3624,137
" Bryggervangen 4, 5.",6498000,5987,136
" Faksegade 13, 3. th",6535000,4069,124
" Pakhusvej 10, 12. tv.",6695000,4558,97
" Strandvænget 1, 1. tv.",6794999,5299,143
" Willemoesgade 34, 4. th",6795000,3399,108
" Amerika Plads 23, 1. tv",6995000,5882,154
" Holsteinsgade 27, 1. tv.",6995000,4860,127
" Pakhusvej 10, 10. th",6995000,4853,106
" Holsteinsgade 11, 5.",6995000,5615,178
" Nordre Frihavnsgade 88, 3. tv.",7195000,4486,160
" Dampfærgevej 12, 2. 4",7250000,5481,119
" Holsteinsgade 57, 1. tv",7650000,5407,142
" Dampfærgevej 24B, 3. th",7950000,6472,118
" Langelinie Allé 3, 1.  nr. 3",7995000,8060,151
" Amerika Plads 32B, 5. 3",7995000,5671,140
" Svanevænget 4, 4. tv.",7995000,5336,138
" Nordre Frihavnsgade 88, 1. tv.",8200000,4443,160
" Helgesensgade 1, 2. th.",8250000,5396,148
" Strandvejen 63, 04 TV",8300000,8191,234
" Langelinie Allé 29, 1. mf",8400000,8732,144
" Amerika Plads 26B, 5. 1",8500000,5040,124
" Classensgade 19B, 3. th.",8700000,6982,177
" Stockholmsgade 61, 4. tv., Stockholmsgade 59",8750000,5649,125
" Classensgade 17, 5. th.",8995000,6138,149
" Ryvangs Allé 22A, 1.",8995000,10968,191
" Amerika Plads 3A, 7.",8995000,6336,136
" Øster Farimagsgade 12, 4. tv.",9500000,5548,185
" Østbanegade 5, mezz. th.",9750000,5987,202
" Østerbrogade 54A, 2. th.",9800000,6262,212
" Carl Johans Gade 1, 5. th.",9995000,5554,246
" Østerbrogade 84c, 3. tv",9995000,10885,264
" Strandboulevarden 35, 4. tv.",10495000,5950,211
" Dampfærgevej 24A, 1. tv",10850000,8017,134
" Bergensgade 5, 4.",10995000,5598,181
" Stockholmsgade 59, 4. mf.",10995000,6178,149
" Ribegade 6, 4. th.",11000000,8632,224
" Krausesvej 2, st. + kld",11250000,6592,152
" Sortedam Dossering 65A, 3.",11400000,7616,188
" Stockholmsgade 37, 4. th.",11900000,7202,216
" Rosenvængets Allé 20A, 5. tv.",11950000,4357,132
" Amerika Plads 10, 9.",12500000,8067,191
" Strandpromenaden 59, 1.",13800000,8502,167
" Trondhjemsgade 3, 2. th",14495000,11018,282
" Trondhjemsgade 15, 2.",14850000,9013,242
" Nyborggade 4A, 1.",14995000,5202,341
" Pakhusvej 10, 11.",16500000,10142,189
" Korsørgade 2, 1. 4",2899000,3761,63
" Trikotageparken 19, 3. mf ]",2899000,2295,66
"[ Trikotageparken 30, 5. th",3899000,3088,87
" Randersgade 7, 3. tv",3995000,3631,76
" Randersgade 9, st. tv",4295000,4140,89
" Randersgade 11, st. th",4495000,4040,87
" Randersgade 9, 4. th",4700000,4211,90
" Sundkaj 71, st.. th.",2445000,1837,47
" Sundkaj 105, 1. th.",2795000,2544,49
" Sundkaj 103, 2. tv.",2795000,2544,49
" Sundkaj 105, st.. tv.",2795000,2564,50
" Sundkaj 105, 2. th.",2895000,2545,49
" Sundkaj 105, 1. tv.",2895000,2545,49
" Sundkaj 107, 1. th.",2995000,2544,49
" Sundkaj 107, st.. th.",3195000,3230,62
" Calaisgade 2, st.. th.",3299000,4047,69
" Dunkerquegade 1, 3. mf.",3300000,2403,57
" Sundkaj 75, 3. th.",3595000,2929,70
" Dover Passage 3, 1. th.",3699000,4120,71
" Sundkaj 33, 1. tv",3850000,3127,71
" Sundkaj 91, 3. tv.",3895000,2795,63
" Sundkaj 109, 1. mf.",3995000,3417,64
" Sundkaj 91, st.. tv.",3995000,3373,77
" Dover Passage 3, 1. tv.",3999000,4057,70
" Århusgade 140, 2. th.",4195000,3407,85
" Calaisgade 2, 1. tv.",4699000,5319,89
" Calaisgade 2, 1. th.",4699000,5194,87
" Sundkaj 29, 2. th.",4750000,3906,88
" Sundkaj 101, 1. th.",4795000,4937,92
" Sundkaj 101, 2. th.",4895000,4937,92
" Sundkaj 31, 2. mf. C80., Copenhagen Square",4995000,4647,96
" Dover Passage 1, 1. tv.",4999000,5365,89
" Sundkaj 113, st.. tv.",5195000,4554,85
" Dover Passage 4, 2. tv",5195000,4172,93
" Sundkaj 115, st.. tv.",5295000,4545,85
" Fortkaj 22, 1. th.",5295000,4263,97
" Helsinkigade 23, 2. th.",5450000,4497,99
" Helsinkigade 15, 1. tv.",5499000,7515,109
" Calaisgade 4, 1. tv.",5499000,5930,98
" Dover Passage 1, 1. th.",5599000,6633,105
" Sundkaj 109, 1. tv.",5795000,5109,94
" Sundkaj 109, 1. th.",5795000,5110,94
" Helsinkigade 15, 1. th..",5799000,6157,101
" Helsinkigade 13, 1. tv.",5799000,5930,98
" Sundkaj 109, st.. th.",5895000,5090,94
" Sundkaj 109, st.. tv.",5895000,5090,94
" Sundkaj 69, 3. th.",5895000,5186,106
" Sundkaj 115, st.. th.",5995000,4797,89
" Helsinkigade 13, 1. th.",5999000,6203,101
" Göteborg Plads 8, 1. tv.",6250000,4885,115
" Calaisgade 4, 1. th.",6499000,6095,100
" Helsinkigade 20, 5. 2. ]",6600000,4570,119
"[ Sundkaj 39, 2. tv. A50., Copenhagen Square",6795000,6250,136
" Sundkaj 111, st.. tv.",6795000,6973,115
" Dover Passage 5, 1.",6999000,9003,127
" Sundkaj 111, 1. th.",7295000,8144,126
" Fortkaj 18, 1. tv.",7399000,8017,118
" Helsinkigade 23, 4. tv.",7500000,5840,129
" Calaisgade 4, 5. tv.",7799000,6418,103
" Fortkaj 18, 1. th.",8099000,9912,135
 Sundkaj 13,8295000,14173,205
" Sundkaj 115, 1. tv.",8595000,7368,118
 Fortkaj 20  4. TH.,8695000,5159,116
" Helsinkigade 29, 11. mf.",8995000,3868,116
" Sundkaj 109, 2. tv.",8995000,8249,127
" Sundkaj 67, 4. th.",9995000,7281,159
" Sundkaj 109, 2. th.",9995000,9443,147
" Sundkaj 91, 5. th.",10500000,5941,129
" Helsinkigade 29, 15. th.",23500000,8627,240
" Dagmarsgade 34, 03",1345000,2840,32
" Julius Bloms Gade 1, 5. 6.",1398000,1002,29
" Jagtvej 141, 4. e",1445000,1915,47
" Hamletsgade 8, 3. 112.",1495000,2544,44
" Hamletsgade 8, 3. Dør/lejl. 105",1495000,2399,44
" Rantzausgade 54, 5. tv",1495000,1591,37
" Hamletsgade 8, 2. 87",1575000,2883,44
" Heimdalsgade 42, 4. 50",1595000,2414,51
" Husumgade 1, 1. 5",1595000,1854,46
" Slejpnersgade 6, 1. 3.",1750000,2118,44
" Hamletsgade 24, 2. Dør/lejl. 4",1750000,2076,43
" Krogerupgade 65, st.. tv.",1795000,2112,52
 Krogerupgade 51  1. th.,1795000,2188,53
" Bjelkes Allé 8B, st..",1795000,2591,44
" Hamletsgade 24, 4. 4",1795000,1609,43
" Dagmarsgade 17, 1. 210",1845000,1603,47
" Sandbjerggade 54, 2. th",1895000,2018,44
" Ørholmgade 4, 3. th.",1895000,2001,53
" Hamletsgade 28, ST. TH.",1898000,1905,55
" Julius Bloms Gade 3, 5. 13",1975000,1830,42
" Hamletsgade 4, 4. 199",1995000,3242,58
" Esromgade 10, 5. th.",1999000,1276,45
" Bjelkes Allé 12, 4. 6",2045000,2350,52
" Esromgade 28, st. tv",2095000,1936,50
" Stengade 52A, 4. 4",2099999,1873,43
" Bjelkes Allé 12, 1. 3",2145000,2392,54
" Husumgade 12A, 1.",2195000,2012,45
" Hamletsgade 4, 3. 187.",2198000,3179,66
" Farumgade 1, 3. tv.",2199000,1713,52
" Slejpnersgade 6, 2. 4.",2199000,1878,42
" Fredensborggade 2, 2. th",2248000,1810,56
" Ægirsgade 34, 3. tv",2295000,2262,59
" Dagmarsgade 19, 1. 214. ]",2295000,1940,59
"[ Dagmarsgade 34, 3. 25",2295000,2868,50
" Dagmarsgade 17, 4. 509",2295000,1940,59
" Tagensvej 94B, st..",2299000,3242,73
" Esromgade 10, 1. th",2345000,1602,53
" Esromgade 30, 2. tv",2345000,2226,55
" Fredensborggade 2, 4. th",2395000,1706,56
 Møllegade 24  2. tv.,2395000,1950,54
" Julius Bloms Gade 31, st. th",2395000,2074,53
" Sigynsgade 52, st. th",2395000,2553,61
" Bjelkes Allé 34, 2.  nr. 36",2400000,1593,47
" Fredensborggade 2, 2. tv",2445000,1777,58
" Peter Fabers Gade 38, 3. th.",2450000,4074,44
" Blågårdsgade 26, 1. 5",2495000,1989,57
 Husumgade 1  st. 1.,2495000,3516,60
" Vølundsgade 24, 2. th",2495000,1886,58
" Sankt Hans Gade 22, 1. tv.",2595000,1959,46
" Bjelkes Allé 4, 2. 4",2625000,3153,61
" Tømrergade 7, 2. Dør/lejl. 4",2635000,2525,48
" Tømrergade 7, 2. 1",2645000,2892,49
 Husumgade 1  1. 2.,2650000,4257,62
 Dagmarsgade 28  4. 90.,2690000,3079,59
" Fenrisgade 2, 3. tv.",2699000,2036,62
 Tagensvej 56  5. th.,2895000,2709,58
" Gormsgade 6, 1. 7.",2895000,2359,83
" Allersgade 2, 1. mf.",2895000,3005,70
" Prinsesse Charlottes Gade 5, 4. tv.",2925000,2490,57
" Sorgenfrigade 8E, 1. 4",2995000,2975,80
" Julius Bloms Gade 9, 5. 8",2995000,2467,65
" Bjelkes Allé 34, 3. 41.",2999000,2029,59
" Gormsgade 8, 2. 41",3095000,2746,82
" Poppelgade 9, 4. th",3095000,1871,52
" Sigynsgade 46, 4. tv.",3099000,3525,78
" Nørrebrogade 205, 3. tv",3175000,3021,65
" Kronborggade 20, 1. tv",3195000,2396,65
" Gormsgade 8, 4. 47.",3295000,2509,86
" Allersgade 2, 3. tv.",3450000,3699,79
" Haraldsgade 3, 1. tv",3450000,2666,81
" Blågårdsgade 16B, 1. tv",3495000,3613,72
" Wesselsgade 3, 1. th.",3499000,1855,59
" Baldersgade 39, st.. tv.",3650000,2356,91
" Ahornsgade 1, 1. tv",3695000,3009,75
" Ægirsgade 73, 3. th",3795000,2709,79
" Blegdamsvej 30B, st. th., Fredens Gaard, Bolig 42",3850000,3542,79
" Poppelgade 7, st. th",3995000,3312,80
" Prinsesse Charlottes Gade 5, 1. tv",3995000,2864,72
 Kronborggade 8 3 TV,3995000,2411,81
" Ryesgade 32, 3. th",4075000,3064,78
" Blegdamsvej 30A, st., Fredens Gaard, Bolig 43",4095000,4004,89
" Jagtvej 1, 1. tv.",4195000,3155,104
" Jagtvej 7, 1. tv. ]",4250000,3108,100
[ Gerbrandsvej 6  ST. 2.,1695000,3446,48
" Grækenlandsvej 110, st. tv",1699000,2652,50
" Amagerbrogade 259a, 1. th",1699000,2228,58
 Ålandsgade 30  4. TV.,1745000,3564,42
" Tjørnerækken 3, 4. th",1749000,1730,40
" Kastrupvej 58, st. tv",1750000,1959,46
" Rodosvej 7D, st. tv",1750000,2423,56
" Brigadevej 8, 1. tv",1795000,2733,40
" Amagerbrogade 303, 1. th",1798000,3083,54
" Parmagade 40, 2. tv.",1845000,1647,45
" Holmbladsgade 48, st. th",1850000,1712,48
 Parmagade 38  ST. TV.,1875000,1711,46
" Frankrigshusene 2, 1. TH.",1895000,1564,43
" Eliasgade 4, 2. th",1895000,1803,54
" Amagerbrogade 259A, 2. tv",1895000,2567,58
" Messinavej 12, st.. th.",1895000,1995,43
" Birketinget 16, st. 2",1895000,2566,65
" Syriensvej 26, 2. 3.",1895000,2206,50
" Sverrigsgade 6B, st. tv",1895000,2624,47
" Elbagade 19, st. tv",1899000,2570,58
" Amagerbrogade 263A, 2. th.",1945000,3142,69
" Tycho Brahes Allé 7, st. tv",1945000,1916,50
" Florensvej 10, 1. tv",1945000,2938,52
" Lergravsvej 5, 1. th",1995000,2763,62
" Hedegaardsvej 31, st.. th.",1995000,3412,60
" Caprivej 7, 2. th",1995000,2595,58
" Kirkegårdsvej 8, 01 6",1995000,3277,59
" Georginevej 12, 3. mf",1995000,2431,62
" Øresundsvej 104, 4. tv",1995000,2925,60
" Englandsvej 38D, 2. th",1995000,1992,61
" Tyrolsgade 12, st. tv",1995000,1988,50
" Amagerbrogade 219, 3. tv.",1995000,1894,57
 Georginevej 12  1. mf.,1998000,3101,62
" Tyrolsgade 21, 4. tv",1998000,1814,49
" Bremensgade 14, 1. tv",2075000,2743,61
" Kastrupvej 50, 3. b",2075000,2873,63
" Rumæniensgade 14, 4. th",2075000,2151,58
" Kastrupvej 50K, 1.",2095000,2650,63
" Reberbanegade 35, st.. tv.",2095000,2519,53
" Hessensgade 15, st.. 13.",2095000,3358,62
" Augustagade 5, 5. tv.",2095000,3259,58
" Ungarnsgade 17, 4. tv.",2095000,2434,53
" Kastrupvej 94, 1. tv",2145000,2759,53
" Anders Henriksens Gade 5, st.. tv.",2150000,2271,52
" Ålandsgade 17, st. tv",2150000,1962,49
" Hessensgade 25, 3. th",2170000,1857,56
" Reberbanegade 47, 4. th",2175000,3742,59
 Saltholmsvej 6  st. th.,2185000,2435,64
" Frankrigshusene 18, 2. tv",2195000,2138,56
 Hyacintgården 17  2. 4. ],2195000,3114,61
"[ Dalføret 3, st. tv",2195000,2012,61
" Reberbanegade 13, 4. th.",2195000,2384,50
" Rumæniensgade 14, 2. th.",2195000,2365,58
" Bremensgade 43, st. tv.",2195000,3188,61
" Dalføret 15, st.. th.",2195000,1962,70
" Kastrupvej 62, 2. tv.",2195000,2277,63
" Kirkegårdsvej 8, 2. Dør/lejl. 18",2195000,3312,59
" Sorrentovej 2, 2. tv",2195000,3171,60
 Peder Lykkes Vej 52  1. TV.,2195000,4403,73
" Smålandsgade 8, 1. tv",2195000,2601,58
 Tyrolsgade 14  4. TV.,2195000,2009,54
" Engvej 174, st.. tv.",2195000,2733,57
" Holmbladsgade 107, 3. th.",2195000,2245,55
" Lemnosvej 3A, 2. tv.",2195000,1846,55
" Bremensgade 14, st.. tv.",2195000,2732,61
" Lemnosvej 17, 2. th.",2199000,2449,63
" Englandsvej 44, 1. th.",2230000,1784,59
" Messinavej 12, 2. th.",2249000,2927,59
" Ålandsgade 30, 3. mf",2250000,2410,65
" Ungarnsgade 74, 4. tv.",2275000,2639,58
" Frankrigsgade 25, 1. TV.",2295000,2146,54
" Hallandsgade 6C, 4. th.",2295000,2836,54
" Hveensvej 12, 3. th.",2295000,2588,61
" Englandsvej 47, 1. tv",2295000,2826,67
" Englandsvej 12A, 1. tv.",2295000,3329,69
" Kongelundsvej 67B, 1. th",2295000,2577,69
 Reberbanegade 39  ST. TV.,2295000,2768,53
" Elbagade 71, 5. tv",2295000,1826,49
" Reberbanegade 35, 1. th.",2295000,2519,52
" Reberbanegade 39, 4. tv.",2295000,2373,51
" Reberbanegade 45, 04 TH",2345000,2185,59
" Dalføret 1, 1. tv",2345000,2022,61
" Lysefjordsgade 3, 3. th",2350000,2197,57
" Gyldenlakvej 35, st.. tv.",2385000,2403,67
" Mjøsensgade 13, 2. th.",2395000,2464,62
" Ungarnsgade 6, 4. tv.",2395000,2422,50
" Dalføret 15, 1. th.",2395000,2165,70
" Bremensgade 30, 3. tv",2398000,2695,67
" Holmbladsgade 60, st. th",2398000,4377,60
" Holmbladsgade 94, 3. 33.",2445000,2524,73
" Kastrupvej 77, 1. tv",2445000,2433,62
" Tyrolsgade 19, 2. tv",2495000,2657,65
" Hyacintgården 13, 3. 1",2495000,3004,70
" Kastrupvej 82, st.. tv.",2495000,1972,67
" Gunløgsgade 20, 1. 1",2495000,2164,59
" Parmagade 44, 5. th.",2498000,2479,57
" Amagerbrogade 151, 1. tv",2585000,3815,70
" Richard Mortensens Vej 77, 05",2595000,2201,58
 Richard Mortensens Vej 73  5. 1.,2595000,2257,58
" Gyldenlakvej 35, 3. th. ]",2595000,3898,75
"[ Maltagade 22, 5.",2598000,2730,65
" Richard Mortensens Vej 77, 6. 3",2600000,2317,60
" Oxford Allé 4A, 1.",2600000,1759,66
" Kastrupvej 90, st.. 1.",2650000,2186,66
" Reberbanegade 27, 4. tv",2650000,2203,60
" Palermovej 11, st.. 2.",2650000,1834,69
" Robert Jacobsens Vej 5B, st. tv",2695000,3211,78
" Venedigvej 2, st. th.",2695000,5396,83
" Edvard Thomsens Vej 83, 1. tv.",2695000,2601,70
" Tovværkgade 4, st. th",2695000,3693,63
" Peder Lykkes Vej 52, 1. th",2695000,4726,81
" Edvard Thomsens Vej 5D, 1. 2",2745000,2954,76
" Richard Mortensens Vej 73, 5. 3., Ørestad",2750000,2343,60
" Eliasgade 4, 2. tv",2795000,2590,82
" Jansvej 14, 3.",2795000,2990,82
" Kongelundsvej 99, 2.",2850000,3305,90
" Ved Sønderport 20, 5. th.",2888000,2816,62
" Tovværkgade 4, 3. tv.",2895000,2275,74
" Strandlodsvej 9D, st.",2895000,2970,90
" Holmbladsgade 70A, st. mf.",2895000,3675,80
" Edvard Thomsens Vej 15, st. tv",2895000,3558,83
" Nordlandsgade 6, st.. th.",2895000,3045,73
" Amagerbrogade 219, 2. th",2895000,3395,89
" Edvard Thomsens Vej 69, 1. 2., Ørestad",2920000,3014,90
" Hyacintgården 11, st.  nr. 1",2995000,3041,72
" Thorshavnsgade 22, st. tv",2995000,2232,61
" Æblestien 1, st. th",2995000,2996,58
" Prags Boulevard 52, 2.",2995000,3501,74
" Hannemanns Alle 12U, 6. th",2995000,2894,79
 Ved Sønderport 24 5 TV,2995000,1896,65
" Parmagade 36, 5. tv.",2998000,3135,73
" Frankrigshusene 3, 2. th",3095000,3031,73
" Ved Linden 8, 4. th",3150000,2181,65
" Robert Jacobsens Vej 5A, 7. tv",3175000,3483,86
" Amager Strandvej 58, 1.",3195000,3060,73
" Amager Strandvej 58F, 1.",3195000,3029,72
" Telemarksgade 5, 1.",3195000,2643,85
" Ved Amagerport 8, 2. tv",3195000,2092,69
" Edvard Thomsens Vej 69, st. 2.",3195000,3058,90
" Florensvej 10, 1. th",3195000,4101,78
" Øresundsvej 49, 2. th.",3195000,5352,78
" Grækenlandsvej 23, 5.",3198000,3268,76
" Kvintus Allé 12, 2. 2.",3245000,3354,72
" Robert Jacobsens Vej 62, 7. 4",3250000,4598,112
" Edvard Thomsens Vej 79, 1. th",3250000,3918,97
" Rodosvej 6, 2.",3285000,2435,85
" Richard Mortensens Vej 63, 4. 2., Ørestad",3295000,4021,99
" Amager Strandvej 58, 2.",3295000,3002,70
" Edvard Thomsens Vej 63, 4. 2",3295000,4264,119
" Englandsvej 38A, 5. ]",3295000,2318,78
"[ Doris Lessings Vej 35, 1. th.",3295000,2805,79
" Else Alfelts Vej 12, 1. 1",3299000,3541,84
" Hollænderdybet 30, st.. th.",3299000,2815,77
" Hannemanns Allé 12U, 1. 1",3350000,3441,92
" Sundholmsvej 27, 3. tv",3388000,4781,105
" Islands Brygge 36A, st.. 1., Islands Brygge UDEN BOPÆLSPLIGT",3395000,2755,69
" Amager Strandvej 58, 2. th.",3395000,3159,77
" Ørestads Boulevard 57A, 3. 303",3395000,4793,113
" Uplandsgade 26, 4. tv",3395000,2211,73
" Robert Jacobsens Vej 1B, 8. th",3395000,3420,85
" Ørestads Boulevard 59A, 4. 406",3395000,4326,109
" Robert Jacobsens Vej 80, 3.  nr. 1",3395000,3886,97
" Digevej 66, 1. th",3445000,4538,100
" Amager Strandvej 58F, 3.",3450000,3147,73
" Bredegrund 7, 5. th",3450000,3181,85
" Ørestads Boulevard 59B, 7. Dør/lejl. 715, 715",3450000,4193,106
 Edvard Thomsens Vej 67,3470000,4025,117
" Richard Mortensens Vej 10A, 1. tv",3495000,3978,107
" Øresundsvej 54, st. th",3495000,3848,66
" Øresundsvej 46, 4. tv",3495000,4483,115
" Jens Otto Krags Gade 17, 5. 3.",3495000,3794,76
" Elbagade 71, 5. th",3495000,3049,83
" Amager Strandvej 58F, 4.",3550000,3119,71
" Amager Strandvej 58G, 3. th.",3550000,3273,79
" C.F. Møllers Allé 62, 2. tv",3550000,3526,95
" Ørestads Boulevard 57A, 7. 709., Ørestad",3595000,5022,120
" Robert Jacobsens Vej 76, 1. t1",3595000,4271,106
" Ørestads Boulevard 59A, 9. Dør/lejl. 905, 905",3595000,4195,101
" C.F. Møllers Allé 68, 6. th",3600000,3927,103
" Richard Mortensens Vej 73, 1. t3",3600000,4297,106
" Ørestads Boulevard 59A, 7. Dør/lejl. 702",3600000,4353,108
" Else Alfelts Vej 12, 4. 1",3649000,3670,84
" Amager Strandvej 58G, 4. th.",3650000,3338,80
" Strandlodsvej 25G, st. th",3650000,3347,88
" Kirkegårdsvej 11, 2. th",3650000,4012,93
" Prøvestens Allé 4, 1. tv.",3650000,3956,83
" Sverrigsgade 4B, st.. th.",3695000,2904,80
" Amager Strandvej 58F, 5. th.",3695000,3230,73
" Edvard Thomsens Vej 5A, 04 TV",3695000,4172,105
" Ørestads Boulevard 59A, 9. 904., Ørestad",3695000,4059,102
" Strandlodsvej 9B, st.",3745000,4024,115
" Else Alfelts Vej 12, 5. 1",3749000,3706,84
" Nordre Digevej 54, 1. th",3795000,5113,111
" Amager Strandvej 58G, 5. th.",3795000,3418,81
" Sverrigsgade 4A, st. th.",3795000,3076,83
" Else Alfelts Vej 93, 6. tv., Ørestad",3795000,4275,104
" Sigbrits Allé 5, 3. tv",3795000,4008,91
" Edvard Thomsens Vej 69, 9. 4",3795000,4234,118
" Bardenflethsgade 3, st. tv.",3795000,3223,87
 Richard Mortensens Vej 77 8 P4 ],3795000,4286,106
